{
  "file": "calcom",
  "results": [
    {
      "name": "Babel",
      "mean": 39.88451716666711,
      "min": 31.676332999995793,
      "max": 56.08166700000584,
      "median": 39.35916649999854,
      "stddev": 5.036155582465175,
      "samples": 126
    },
    {
      "name": "Oxc",
      "mean": 56.66331280898917,
      "min": 54.255374999993364,
      "max": 81.46624999999767,
      "median": 55.65037499999744,
      "stddev": 3.4282855499362435,
      "samples": 89
    },
    {
      "name": "SWC",
      "mean": 72.14446788571412,
      "min": 70.41545800000313,
      "max": 79.28041700000176,
      "median": 71.91062500000407,
      "stddev": 1.4921627581571055,
      "samples": 70
    },
    {
      "name": "Yuku",
      "mean": 9.065450001811492,
      "min": 8.510250000006636,
      "max": 15.177999999999884,
      "median": 8.690374500009057,
      "stddev": 1.0724869343331505,
      "samples": 552
    }
  ]
}