{
  "file": "calcom",
  "results": [
    {
      "name": "Babel",
      "mean": 40.46645233870966,
      "min": 32.97562499999185,
      "max": 49.34404200001154,
      "median": 40.22162499999831,
      "stddev": 3.313045274581108,
      "samples": 124
    },
    {
      "name": "Oxc",
      "mean": 56.878140647728614,
      "min": 54.492542000007234,
      "max": 63.64754200000607,
      "median": 56.089812500002154,
      "stddev": 2.2542101610955014,
      "samples": 88
    },
    {
      "name": "SWC",
      "mean": 73.16630189855113,
      "min": 68.05591700000514,
      "max": 117.27016600000206,
      "median": 70.53670799999963,
      "stddev": 8.475282290988037,
      "samples": 69
    },
    {
      "name": "Yuku",
      "mean": 6.817456178474053,
      "min": 5.763666999991983,
      "max": 31.670249999995576,
      "median": 6.043208499999309,
      "stddev": 2.4111559275627683,
      "samples": 734
    }
  ]
}