{
  "file": "calcom",
  "results": [
    {
      "name": "Babel",
      "mean": 44.71749033928623,
      "min": 32.16145800000231,
      "max": 123.01054199998907,
      "median": 42.275228999998944,
      "stddev": 11.820274292694513,
      "samples": 112
    },
    {
      "name": "Oxc",
      "mean": 58.53990989534874,
      "min": 54.44616699998733,
      "max": 91.27579099999275,
      "median": 57.226749999994354,
      "stddev": 5.530650339006719,
      "samples": 86
    },
    {
      "name": "SWC",
      "mean": 72.21116247142844,
      "min": 68.07758300000569,
      "max": 126.56650000000081,
      "median": 70.45262499999808,
      "stddev": 7.4508984301819705,
      "samples": 70
    },
    {
      "name": "Yuku",
      "mean": 6.547678344240946,
      "min": 5.775875000006636,
      "max": 54.3483750000014,
      "median": 6.0133124999920256,
      "stddev": 2.167304844270535,
      "samples": 764
    }
  ]
}