{
  "file": "calcom",
  "results": [
    {
      "name": "Babel",
      "mean": 40.07494533600054,
      "min": 31.931334000008064,
      "max": 56.86087499999849,
      "median": 39.598041999997804,
      "stddev": 5.035550274774648,
      "samples": 125
    },
    {
      "name": "Oxc",
      "mean": 56.35329166292233,
      "min": 54.35275000000547,
      "max": 86.01783300000534,
      "median": 55.50608300000022,
      "stddev": 3.6327602644063943,
      "samples": 89
    },
    {
      "name": "SWC",
      "mean": 66.5022253026308,
      "min": 65.36991700000362,
      "max": 73.2937910000037,
      "median": 66.1024999999936,
      "stddev": 1.2854243831747358,
      "samples": 76
    },
    {
      "name": "Yuku",
      "mean": 9.574335707456818,
      "min": 8.972083000000566,
      "max": 25.19170799999847,
      "median": 9.10754199999792,
      "stddev": 1.3949927473666583,
      "samples": 523
    }
  ]
}