{
  "file": "checker",
  "results": [
    {
      "name": "Babel",
      "mean": 83.38679754687493,
      "min": 76.61204200000793,
      "max": 91.02445899999293,
      "median": 83.17470850000245,
      "stddev": 3.601103332290859,
      "samples": 64
    },
    {
      "name": "Oxc",
      "mean": 23.77256973459716,
      "min": 19.41645900000003,
      "max": 47.43266700000095,
      "median": 20.446584000004805,
      "stddev": 5.9861391477545105,
      "samples": 211
    },
    {
      "name": "SWC",
      "mean": 186.56183985937471,
      "min": 177.0697499999951,
      "max": 221.2515410000051,
      "median": 183.42158349999954,
      "stddev": 9.769184102394286,
      "samples": 64
    },
    {
      "name": "Yuku",
      "mean": 26.058118947916142,
      "min": 22.972292000005837,
      "max": 84.33124999998836,
      "median": 24.707312999998976,
      "stddev": 5.671726493531679,
      "samples": 192
    }
  ]
}