{
  "file": "checker",
  "results": [
    {
      "name": "Babel",
      "mean": 79.12106379687458,
      "min": 64.27774999999383,
      "max": 98.72983300000487,
      "median": 77.9532915000018,
      "stddev": 8.260085082591235,
      "samples": 64
    },
    {
      "name": "Oxc",
      "mean": 85.1686314375006,
      "min": 80.88587500000722,
      "max": 142.7177079999965,
      "median": 82.6613750000106,
      "stddev": 8.795411215650699,
      "samples": 64
    },
    {
      "name": "SWC",
      "mean": 160.03025398437507,
      "min": 154.75745900000038,
      "max": 189.0925830000051,
      "median": 158.71208350000234,
      "stddev": 5.274975575730682,
      "samples": 64
    },
    {
      "name": "Yuku",
      "mean": 17.679045894365927,
      "min": 16.342166999995243,
      "max": 38.277249999999185,
      "median": 16.719561999998405,
      "stddev": 2.363723763451564,
      "samples": 284
    }
  ]
}