{
  "file": "checker",
  "results": [
    {
      "name": "Babel",
      "mean": 75.7600486666673,
      "min": 68.79962499999965,
      "max": 87.9443339999998,
      "median": 75.3126459999985,
      "stddev": 4.2352088022325365,
      "samples": 66
    },
    {
      "name": "Oxc",
      "mean": 25.26239081313073,
      "min": 20.667708999986644,
      "max": 52.766124999994645,
      "median": 23.48602099999698,
      "stddev": 4.880682199436545,
      "samples": 198
    },
    {
      "name": "SWC",
      "mean": 202.0668000937478,
      "min": 190.0702910000109,
      "max": 245.67937500000698,
      "median": 197.02981250001176,
      "stddev": 13.086406452855986,
      "samples": 64
    },
    {
      "name": "Yuku",
      "mean": 29.250031625731488,
      "min": 24.328499999974156,
      "max": 61.56099999998696,
      "median": 27.143041000002995,
      "stddev": 7.2649368340480365,
      "samples": 171
    }
  ]
}